company_name,website,category,stage,signal_type,signal_details,job_title,funding_amount,funding_date,relevant_person_name,relevant_person_title,source_name,source_url,context_summary,score,date_found,priority_tier
"AI, FinTech startup Senso",,AI,Series A,funding,"AI, FinTech startup Senso raises $4 million CAD to further fuel US expansion",,$4M,2020-07-08,Saroop Bharwani,CEO,betakit.com,https://betakit.com/ai-fintech-startup-senso-raises-4-million-cad-to-further-fuel-us-expansion/,Raised a $4M Series A round for a AI platform. This signals active growth and potential need for content and marketing.,90,2026-06-13,High
DevOps Automation Platform Zeet,,DevOps,Seed,funding,DevOps Automation Platform Zeet Raises $4.3M Seed Funding Led by Sequoia Capital with Participation from Race Capital,,$4.3M,2022-09-05,said Johnny Dallas,founder,finance.yahoo.com,https://finance.yahoo.com/news/devops-automation-platform-zeet-raises-132900845.html,Raised a $4.3M Seed round for a DevOps platform. This signals active growth and potential need for content and marketing.,90,2026-06-13,High
Facets.cloud,,DevOps,Seed,funding,Facets.cloud Raises $4 Million in Seed Funding to Revolutionize DevOps,,$4M,2023-09-04,says Pravanjan Choudhury,founder,newswire.ca,https://www.newswire.ca/news-releases/facets-cloud-raises-4-million-in-seed-funding-to-revolutionize-devops-891435412.html,Raised a $4M Seed round for a DevOps platform. This signals active growth and potential need for content and marketing.,90,2026-06-13,High
DevOps platform Codezero,,Cybersecurity,Seed,funding,DevOps platform Codezero raises $3.5-million seed round,,$3.5M,2024-03-13,Thomas Dohmke,CEO,betakit.com,https://betakit.com/devops-platform-codezero-raises-3-5-million-seed-round/,Raised a $3.5M Seed round for a Cybersecurity platform. This signals active growth and potential need for content and marketing.,90,2026-06-13,High
Fintech Startup Flex,,Fintech,Seed,funding,Fintech Startup Flex Raises Seed Round to Help DTC Consumer Health and Wellness Brands Accept HSA and FSA Payments Online,,$150B,2024-09-03,Managing Partner and,Founder,finance.yahoo.com,https://finance.yahoo.com/news/fintech-startup-flex-raises-seed-130000787.html,Raised a $150B Seed round for a Fintech platform. This signals active growth and potential need for content and marketing.,90,2026-06-13,High
Opsera,,AI,Series A,funding,"Opsera Raises $20M to Drive AI-Powered DevOps Platform Innovation, Accelerating AI Agent Adoption and Developer Efficiency",,$20M,2025-04-02,of Opsera,,newswire.ca,https://www.newswire.ca/news-releases/opsera-raises-20m-to-drive-ai-powered-devops-platform-innovation-accelerating-ai-agent-adoption-and-developer-efficiency-831857080.html,Raised a $20M Series A round for a AI platform. This signals active growth and potential need for content and marketing.,90,2026-06-13,High
IgniteData,,Data,Series A,funding,IgniteData Raises Series A to Accelerate Global Site Network Expansion and Clinical Trial Data Automation,,,2025-08-13,said Zach Taft,CEO,finance.yahoo.com,https://finance.yahoo.com/news/ignitedata-raises-series-accelerate-global-100000053.html,Announced a Series A round for a Data platform. This signals active growth and potential need for content and marketing.,90,2026-06-13,High
SRE.ai,,AI,Seed,funding,"SRE.ai Raises $7.2 Million Seed Round to Redefine Enterprise DevOps for the AI Era, Backed by Salesforce Ventures and Crane Venture Partners",,$7.2M,2025-08-19,said Raj Kadiyala,co-founder,finance.yahoo.com,https://finance.yahoo.com/news/sre-ai-raises-7-2-130000121.html,Raised a $7.2M Seed round for a AI platform. This signals active growth and potential need for content and marketing.,90,2026-06-13,High
Reveal HealthTech,,AI,Series A,funding,Reveal HealthTech raises $7.2M Series A led by Leo Capital to power the next wave of AI-driven healthcare,,$7.2M,2025-09-03,Founder and,CEO,newswire.ca,https://www.newswire.ca/news-releases/reveal-healthtech-raises-7-2m-series-a-led-by-leo-capital-to-power-the-next-wave-of-ai-driven-healthcare-830179814.html | https://finance.yahoo.com/news/reveal-healthtech-raises-7-2m-160000300.html | https://www.theglobeandmail.com/investing/markets/markets-news/Newswire.ca/34574025/reveal-healthtech-raises-7-2m-series-a-led-by-leo-capital-to-power-the-next-wave-of-ai-driven-healthcare/,Raised a $7.2M Series A round for a AI platform. This signals active growth and potential need for content and marketing.,90,2026-06-13,High
"DianaHR, Founded by Ex-Gusto Engineering Lead",,AI,Seed,funding,"DianaHR, Founded by Ex-Gusto Engineering Lead, Raises Seed Round to Bring HR-as-a-Service to SMBs",,$3.7M,2025-09-14,percent Upeka Bee,Founder,finance.yahoo.com,https://finance.yahoo.com/news/dianahr-founded-ex-gusto-engineering-130100467.html,Raised a $3.7M Seed round for a AI platform. This signals active growth and potential need for content and marketing.,90,2026-06-13,High
Lifeguard,,AI,Seed,funding,Lifeguard Announces Seed Funding from ScOp Venture Capital to Redefine Digital Safety for Consumers and Their Families,,$1.3M,2025-09-22,From the,Founder,finance.yahoo.com,https://finance.yahoo.com/news/lifeguard-announces-seed-funding-scop-153700057.html,Raised a $1.3M Seed round for a AI platform. This signals active growth and potential need for content and marketing.,90,2026-06-13,High
ConCntric,,AI,Series A,funding,ConCntric Raises Series A to Transform Preconstruction with AI-Powered Platform,,$10M,2025-10-06,Founder and,CEO,finance.yahoo.com,https://finance.yahoo.com/news/concntric-raises-series-transform-preconstruction-140000877.html,Raised a $10M Series A round for a AI platform. This signals active growth and potential need for content and marketing.,90,2026-06-13,High
Nudge Security,,AI,Series A,funding,Nudge Security Raises $22.5M Series A to Secure Workforce AI and SaaS,,$22.5M,2025-11-17,said Russell Spitler,Co-Founder,finance.yahoo.com,https://finance.yahoo.com/news/nudge-security-raises-22-5m-130000269.html,Raised a $22.5M Series A round for a AI platform. This signals active growth and potential need for content and marketing.,90,2026-06-13,High
Lakefusion,,AI,Seed,funding,Lakefusion Raises Seed Funding For AI-Powered Data Management On Databricks Lakehouse,,,2025-11-18,said Vikas Punna,Founder,finance.yahoo.com,https://finance.yahoo.com/news/lakefusion-raises-seed-funding-ai-162200534.html,Announced a Seed round for a AI platform. This signals active growth and potential need for content and marketing.,90,2026-06-13,High
Corma,,AI,Seed,funding,Corma Announces €3.5M Seed Round to Revolutionize Software License and Access Governance,,,2025-12-07,says Corma,co-founder,finance.yahoo.com,https://finance.yahoo.com/news/corma-announces-3-5m-seed-135700428.html,Announced a Seed round for a AI platform. This signals active growth and potential need for content and marketing.,90,2026-06-13,High
Voxira AI Agent Developer Secai,,AI,Series A,funding,Voxira AI Agent Developer Secai Raises $6.2M Series A to Scale Healthcare Automation,,$6.2M,2026-02-10,Ragui Ibrahim,President,thespec.com,https://www.thespec.com/globenewswire/voxira-ai-agent-developer-secai-raises-6-2m-series-a-to-scale-healthcare-automation/article_2396c78d-f770-5a4a-80bd-ac1013e9f50a.html,Raised a $6.2M Series A round for a AI platform. This signals active growth and potential need for content and marketing.,90,2026-06-13,High
Kris@Work,,AI,Seed,funding,Kris@Work raises $3M seed funding led by Infoedge Ventures to build the new AI-native GTM execution platform,,$3M,2026-02-23,The founding team includes,co-founder,finance.yahoo.com,https://finance.yahoo.com/news/kris-raises-3m-seed-funding-170000163.html,Raised a $3M Seed round for a AI platform. This signals active growth and potential need for content and marketing.,90,2026-06-13,High
Zenskar,,AI,Series A,funding,Zenskar Raises $15 Million Series A to Expand Agentic Capabilities for B2B Revenue Automation,,$15M,2026-04-16,said Apurv Bansal,CEO,morningstar.com,https://www.morningstar.com/news/business-wire/20260416872552/zenskar-raises-15-million-series-a-to-expand-agentic-capabilities-for-b2b-revenue-automation,Raised a $15M Series A round for a AI platform. This signals active growth and potential need for content and marketing.,90,2026-06-13,High
AI Fintech Seapoint,,AI,Seed,funding,AI Fintech Seapoint Raises €7.5M in Seed Funding,,,2026-04-22,Des Traynor,co-founder,crowdfundinsider.com,https://www.crowdfundinsider.com/2026/04/274938-ai-fintech-seapoint-raises-e7-5m-in-seed-funding/,Announced a Seed round for a AI platform. This signals active growth and potential need for content and marketing.,90,2026-06-13,High
Estro Tech Robotics,,AI,Seed,funding,Estro Tech Robotics raises ₹1 crore seed round led by Genrobotics Innovations,,,2026-06-05,ece Copy Estro Tech Robotics,founder,thehindubusinessline.com,https://www.thehindubusinessline.com/info-tech/estro-tech-robotics-raises-1-crore-seed-round-led-by-genrobotics-innovations/article71065054.ece,Announced a Seed round for a AI platform. This signals active growth and potential need for content and marketing.,90,2026-06-13,High
Niteshift,,AI,Seed,funding,Niteshift raises $7M seed round to challenge Big AI lock-in,,$7M,2026-06-10,product stage where the,founder,cryptobriefing.com,https://cryptobriefing.com/niteshift-7m-seed-ai-lock-in/,Raised a $7M Seed round for a AI platform. This signals active growth and potential need for content and marketing.,90,2026-06-13,High
Rivvun AI,,AI,Seed,funding,"Rivvun AI raises $7.55 m Seed Round to recover enterprise spend, revenue leakage",,$7.55M,2026-06-10,Anand Veerkar,CEO,thehindubusinessline.com,https://www.thehindubusinessline.com/companies/rivvun-ai-raises-755-m-seed-round-to-recover-enterprise-spend-revenue-leakage/article71085392.ece,Raised a $7.55M Seed round for a AI platform. This signals active growth and potential need for content and marketing.,90,2026-06-13,High
Aryon Security,,AI,Series A,funding,Aryon Security Raises $29 Million in Series A Funding,,$29M,2026-06-10,said Aryon Security CEO and,co-founder,securityweek.com,https://www.securityweek.com/aryon-security-raises-29-million-in-series-a-funding/,Raised a $29M Series A round for a AI platform. This signals active growth and potential need for content and marketing.,90,2026-06-13,High
Jedify,,AI,Series A,funding,Jedify raises $24M in Series A funding led by Norwest to build AI-ready data infrastructure,,$24M,2026-06-10,leadership team includes CEO Assaf Henkin,CTO,cryptobriefing.com,https://cryptobriefing.com/jedify-raises-24m-series-a-norwest/ | https://www.manilatimes.net/2026/06/10/tmt-newswire/globenewswire/jedify-raises-24-million-in-series-a-funding-to-build-context-graphs-for-enterprise-ai-agents/2362583,Raised a $24M Series A round for a AI platform. This signals active growth and potential need for content and marketing.,90,2026-06-13,High
Juicebox,,AI,Series A,hiring,Hiring: Content Marketing Manager | Location: San Francisco | YC S22,Marketing Manager / Growth Marketer,,,,,YC Work at a Startup,https://www.workatastartup.com/jobs/93074 | https://www.workatastartup.com/jobs/93079,Hiring a Marketing Manager at a Series A AI company. This suggests investment in content and market education.,80,2026-06-13,High
Retell AI,,AI,Seed,hiring,Hiring: Content Marketing Manager | Location: San Francisco Bay Area | YC W24,Marketing Manager,,,,,YC Work at a Startup,https://www.workatastartup.com/jobs/88445,Hiring a Marketing Manager at a Seed AI company. This suggests investment in content and market education.,80,2026-06-13,High
Model ML,,AI,Seed,hiring,"Hiring: Content Strategist | Location: London, England, GB | YC W24",Content Strategist,,,,,YC Work at a Startup,https://www.workatastartup.com/jobs/80698,Hiring a Content Strategist at a Seed AI company. This suggests investment in content and market education.,80,2026-06-13,High
Pangea.app,,Cybersecurity,Series A,hiring,"Hiring: Social Media Manager | Location: US / New York, NY, US / Boston, MA, US / Los Angeles, CA, US / San Francisco, CA, US / Austin, TX, US / Miami, FL, US / Raleigh, NC, US / Durham, NC, US / Boulder, CO, US / Remote (US; New York, NY, US; Boston, MA, US; Los Angeles, CA, US; San Francisco, CA, US; Austin, TX, US; Miami, FL, US; Raleigh, NC, US; Durham, NC, US; Boulder, CO, US) | YC W21",Social Media Manager / Marketing Manager,,,,,YC Work at a Startup,https://www.workatastartup.com/jobs/65184 | https://www.workatastartup.com/jobs/65147,Hiring a Social Media Manager at a Series A Cybersecurity company. This suggests investment in content and market education.,80,2026-06-13,High
Julius,,AI,Series A,hiring,"Hiring: Growth Marketing Manager | Location: San Francisco, CA, US | YC S22",Marketing Manager,,,,,YC Work at a Startup,https://www.workatastartup.com/jobs/76881,Hiring a Marketing Manager at a Series A AI company. This suggests investment in content and market education.,80,2026-06-13,High
Flagright,,AI,Series A,hiring,"Hiring: Technical Content Lead - London | Location: London, UK / Remote (US) | YC W22",Content Lead / Marketing Manager,,,,,YC Work at a Startup,https://www.workatastartup.com/jobs/94652 | https://www.workatastartup.com/jobs/94421 | https://www.workatastartup.com/jobs/94418 | https://www.workatastartup.com/jobs/94419 | https://www.workatastartup.com/jobs/94411,Hiring a Content Lead at a Series A AI company. This suggests investment in content and market education.,80,2026-06-13,High
Explorex,,Cybersecurity,Series A,hiring,"Hiring: Social Media Manager | Location: Bengaluru, KA, IN | YC S20",Social Media Manager,,,,,YC Work at a Startup,https://www.workatastartup.com/jobs/66039,Hiring a Social Media Manager at a Series A Cybersecurity company. This suggests investment in content and market education.,80,2026-06-13,High
Clinikally,,Cybersecurity,Series A,hiring,"Hiring: Senior Social Media Manager  | Location: DL, IN / Delhi, IN | YC S22",Social Media Manager / Brand Marketing,,,,,YC Work at a Startup,https://www.workatastartup.com/jobs/88703 | https://www.workatastartup.com/jobs/77180,Hiring a Social Media Manager at a Series A Cybersecurity company. This suggests investment in content and market education.,80,2026-06-13,High
Rollstack,,Cybersecurity,Seed,hiring,Hiring: Social Media Manager | Location: US / CA / PT / GB / DE / ES / FR / NL / Remote (US; CA; PT; GB; DE; ES; FR; NL) | YC W23,Social Media Manager,,,,,YC Work at a Startup,https://www.workatastartup.com/jobs/92938,Hiring a Social Media Manager at a Seed Cybersecurity company. This suggests investment in content and market education.,80,2026-06-13,High
Emergent,,AI,Seed,hiring,Hiring: Social Marketing Manager | Location: San Francisco | YC S24,Marketing Manager / Video Editor / Brand Marketing,,,,,YC Work at a Startup,https://www.workatastartup.com/jobs/94945 | https://www.workatastartup.com/jobs/94944 | https://www.workatastartup.com/jobs/96057 | https://www.workatastartup.com/jobs/96056,Hiring a Marketing Manager at a Seed AI company. This suggests investment in content and market education.,80,2026-06-13,High
Blink,,Cybersecurity,Series A,hiring,"Hiring: Social Media Marketing Manager | Location: San Francisco, CA, US / San Mateo, CA, US / Redwood City, CA, US / Palo Alto, CA, US / Remote (US) | YC W22",Marketing Manager / Growth Marketer,,,,,YC Work at a Startup,https://www.workatastartup.com/jobs/83905 | https://www.workatastartup.com/jobs/89410,Hiring a Marketing Manager at a Series A Cybersecurity company. This suggests investment in content and market education.,80,2026-06-13,High
Shimmer,,Cybersecurity,Series A,hiring,Hiring: Social Media Manager & Growth Hacker | Location: Remote (US) | YC S21,Social Media Manager,,,,,YC Work at a Startup,https://www.workatastartup.com/jobs/90891,Hiring a Social Media Manager at a Series A Cybersecurity company. This suggests investment in content and market education.,80,2026-06-13,High
Conveo,,AI,Seed,hiring,Hiring: Social Media Manager | Location: New York / Antwerp / London / Remote (US) | YC S24,Social Media Manager,,,,,YC Work at a Startup,https://www.workatastartup.com/jobs/90006,Hiring a Social Media Manager at a Seed AI company. This suggests investment in content and market education.,80,2026-06-13,High
Intryc,,AI,Seed,hiring,"Hiring: Social Media Manager | Location: San Francisco, CA, US | YC S24",Social Media Manager / Head Of Marketing,,,,,YC Work at a Startup,https://www.workatastartup.com/jobs/91968 | https://www.workatastartup.com/jobs/79518,Hiring a Social Media Manager at a Seed AI company. This suggests investment in content and market education.,80,2026-06-13,High
Rubbrband,,Cybersecurity,Seed,hiring,"Hiring: Creative Strategist, Social Media | Location: San Francisco, CA, US / Remote (US) | YC W23",Creative Strategist,,,,,YC Work at a Startup,https://www.workatastartup.com/jobs/94572,Hiring a Creative Strategist at a Seed Cybersecurity company. This suggests investment in content and market education.,80,2026-06-13,High
Topline Pro,,AI,Series A,hiring,"Hiring: Performance Marketing Manager | Location: Brooklyn, New York | YC W21",Marketing Manager,,,,,YC Work at a Startup,https://www.workatastartup.com/jobs/83378,Hiring a Marketing Manager at a Series A AI company. This suggests investment in content and market education.,80,2026-06-13,High
Human Archive,,Data,Seed,hiring,Hiring: Videographer | Location: IN | YC W26,Videographer,,,,,YC Work at a Startup,https://www.workatastartup.com/jobs/88228,Hiring a Videographer at a Seed Data company. This suggests investment in content and market education.,80,2026-06-13,High
14.ai,,AI,Seed,hiring,"Hiring: Videographer Intern at 14.ai (On-Site – San Francisco, ASAP Start)  | Location: San Francisco, CA, US | YC W24",Videographer,,,,,YC Work at a Startup,https://www.workatastartup.com/jobs/91343,Hiring a Videographer at a Seed AI company. This suggests investment in content and market education.,80,2026-06-13,High
GetCrux,,AI,Seed,hiring,Hiring: Founding Creative Strategist / CSM | Location: US / Remote (US) | YC W24,Creative Strategist,,,,,YC Work at a Startup,https://www.workatastartup.com/jobs/92623,Hiring a Creative Strategist at a Seed AI company. This suggests investment in content and market education.,80,2026-06-13,High
SuperKalam,,AI,Seed,hiring,"Hiring: Creative Strategist - Script (Performance Marketing) - SuperKalam (Bangalore) | Location: Bengaluru, KA, IN / Bengaluru, Karnataka, IN | YC W23",Creative Strategist,,,,,YC Work at a Startup,https://www.workatastartup.com/jobs/89358,Hiring a Creative Strategist at a Seed AI company. This suggests investment in content and market education.,80,2026-06-13,High
Trueplace,,AI,Series A,hiring,Hiring: Content Strategist - TikTok Script Writer | Location: Remote (US) | YC W22,Content Strategist,,,,,YC Work at a Startup,https://www.workatastartup.com/jobs/75090,Hiring a Content Strategist at a Series A AI company. This suggests investment in content and market education.,80,2026-06-13,High
Automat,,AI,Seed,hiring,Hiring: Founding Growth Marketer | Location: San Francisco | YC W23,Growth Marketer,,,,,YC Work at a Startup,https://www.workatastartup.com/jobs/85180,Hiring a Growth Marketer at a Seed AI company. This suggests investment in content and market education.,80,2026-06-13,High
Solve Intelligence,,AI,Seed,hiring,"Hiring: Growth Marketer/GTM | Location: New York, NY, US / London, England, GB | YC S23",Growth Marketer,,,,,YC Work at a Startup,https://www.workatastartup.com/jobs/92146,Hiring a Growth Marketer at a Seed AI company. This suggests investment in content and market education.,80,2026-06-13,High
telli,,AI,Seed,hiring,Hiring: Founding Growth Marketer | Location: Berlin | YC F24,Growth Marketer,,,,,YC Work at a Startup,https://www.workatastartup.com/jobs/90455,Hiring a Growth Marketer at a Seed AI company. This suggests investment in content and market education.,80,2026-06-13,High
LiveFlow,,AI,Series A,hiring,"Hiring: Growth Marketing Manager | Location: New York, New York / Remote (US) | YC W21",Marketing Manager,,,,,YC Work at a Startup,https://www.workatastartup.com/jobs/89597 | https://www.workatastartup.com/jobs/89503,Hiring a Marketing Manager at a Series A AI company. This suggests investment in content and market education.,80,2026-06-13,High
GroundControl,,AI,Seed,hiring,"Hiring: Founding Growth Marketer | Location: San Mateo, CA, US | YC P25",Growth Marketer,,,,,YC Work at a Startup,https://www.workatastartup.com/jobs/90162,Hiring a Growth Marketer at a Seed AI company. This suggests investment in content and market education.,80,2026-06-13,High
AthenaHQ,,AI,Seed,hiring,Hiring: Founding Growth Marketer | Location: SF In-Person | YC W25,Growth Marketer,,,,,YC Work at a Startup,https://www.workatastartup.com/jobs/93606,Hiring a Growth Marketer at a Seed AI company. This suggests investment in content and market education.,80,2026-06-13,High
Roforco,,AI,Series A,hiring,"Hiring: Cracked Growth Marketer | Location: San Francisco, CA, US / New York, NY, US / Remote (US; CA) | YC S22",Growth Marketer,,,,,YC Work at a Startup,https://www.workatastartup.com/jobs/76000,Hiring a Growth Marketer at a Series A AI company. This suggests investment in content and market education.,80,2026-06-13,High
Cambio,,AI,Series A,hiring,Hiring: Senior Marketing Manager | Location: San Francisco | YC S22,Marketing Manager,,,,,YC Work at a Startup,https://www.workatastartup.com/jobs/88960,Hiring a Marketing Manager at a Series A AI company. This suggests investment in content and market education.,80,2026-06-13,High
Prospa,,Fintech,Series A,hiring,"Hiring: Marketing Manager | Location: Lagos, LA, NG / Remote (Lagos, LA, NG) | YC W21",Marketing Manager,,,,,YC Work at a Startup,https://www.workatastartup.com/jobs/66537,Hiring a Marketing Manager at a Series A Fintech company. This suggests investment in content and market education.,80,2026-06-13,High
Sohar Health,,AI,Seed,hiring,"Hiring: Head of Marketing | Location: New York, NY, US / DE, US / NJ, US / FL, US / CT, US / GA, US / VA, US / ME, US / MD, US / MA, US / NC, US / SC, US / Remote (New York, NY, US; DE, US; NJ, US; FL, US; CT, US; GA, US; VA, US; ME, US; MD, US; MA, US; NC, US; SC, US) | YC S23",Head Of Marketing,,,,,YC Work at a Startup,https://www.workatastartup.com/jobs/93021,Hiring a Head Of Marketing at a Seed AI company. This suggests investment in content and market education.,80,2026-06-13,High
Strac,,AI,Series A,hiring,Hiring: Head of Marketing | Location: US / Remote (US) | YC W22,Head Of Marketing,,,,,YC Work at a Startup,https://www.workatastartup.com/jobs/70821,Hiring a Head Of Marketing at a Series A AI company. This suggests investment in content and market education.,80,2026-06-13,High
Firecrawl,,API,Series A,hiring,"Hiring: Head of Marketing | Location: San Francisco, CA (Hybrid) OR Remote (Americas, UTC-3 to UTC-10) / Remote (US) | YC S22",Head Of Marketing,,,,,YC Work at a Startup,https://www.workatastartup.com/jobs/93097,Hiring a Head Of Marketing at a Series A API company. This suggests investment in content and market education.,80,2026-06-13,High
Candid Health,,Automation,Series A,hiring,"Hiring: Lifecycle Marketing Manager | Location: New York, NY, US / Denver, CO, US / San Francisco, CA, US | YC W20",Marketing Manager,,,,,YC Work at a Startup,https://www.workatastartup.com/jobs/92774,Hiring a Marketing Manager at a Series A Automation company. This suggests investment in content and market education.,80,2026-06-13,High
a0.dev,,AI,Seed,hiring,"Hiring: Founding Brand and Content Lead (Contract-to-Hire) | Location: San Francisco, CA, US | YC W25",Content Lead,,,,,YC Work at a Startup,https://www.workatastartup.com/jobs/94207,Hiring a Content Lead at a Seed AI company. This suggests investment in content and market education.,80,2026-06-13,High
Code testing startup Antithesis,,AI,Seed,funding,Code testing startup Antithesis raises seed funding at $215 million valuation,,$215M,2024-02-12,,,finance.yahoo.com,https://finance.yahoo.com/news/code-testing-startup-antithesis-raises-100244949.html,Raised a $215M Seed round for a AI platform. This signals active growth and potential need for content and marketing.,80,2026-06-13,High
Marketing SaaS platform Highperformr.ai,,SaaS,Seed,funding,"Marketing SaaS platform Highperformr.ai raises $3.5M seed funding from Venture Highway, Neon",,$3.5M,2024-05-13,,,yourstory.com,https://yourstory.com/2024/05/funding-freshwork-duo-ai-tool-3-million-highperformr-social-media,Raised a $3.5M Seed round for a SaaS platform. This signals active growth and potential need for content and marketing.,80,2026-06-13,High
Marketing SaaS platform HighPerformr,,SaaS,Seed,funding,Marketing SaaS platform HighPerformr raises $3.5 million seed funding,,$3.5M,2024-05-14,,,thehindubusinessline.com,https://www.thehindubusinessline.com/info-tech/marketing-saas-platform-highperformr-raises-35-million-seed-funding/article68171197.ece,Raised a $3.5M Seed round for a SaaS platform. This signals active growth and potential need for content and marketing.,80,2026-06-13,High
Zive AI,,AI,Seed,funding,Zive AI Raises $1M to Transform VC Fund Management With AI Automation,,$1M,2024-10-01,,,finance.yahoo.com,https://finance.yahoo.com/news/zive-ai-raises-1m-transform-110000390.html,Raised a $1M Seed round for a AI platform. This signals active growth and potential need for content and marketing.,80,2026-06-13,High
AgentSmyth,,Fintech,Seed,funding,"AgentSmyth Raises $8.7M Seed Round From FinTech Collective, Thomson Reuters and Others to Scale Autonomous Agent Platform for Trading and Investment",,$8.7M,2025-06-01,,,finance.yahoo.com,https://finance.yahoo.com/news/agentsmyth-raises-8-7m-seed-130700851.html,Raised a $8.7M Seed round for a Fintech platform. This signals active growth and potential need for content and marketing.,80,2026-06-13,High
Profitable African fintech PalmPay is in talks to,,Fintech,Series A,funding,Profitable African fintech PalmPay is in talks to raise as much as $100M,,$100M,2025-06-05,,,TechCrunch,https://techcrunch.com/2025/06/05/profitable-african-fintech-palmpay-is-in-talks-to-raise-as-much-as-100m/,Raised a $100M Series A round for a Fintech platform. This signals active growth and potential need for content and marketing.,80,2026-06-13,High
Neuromorphic compute startup Unconventional AI,,AI,Seed,funding,Neuromorphic compute startup Unconventional AI raises $475m in seed funding,,$475M,2025-12-08,,,datacenterdynamics.com,https://www.datacenterdynamics.com/en/news/neuromorphic-compute-startup-unconventional-ai-raises-475m-in-seed-funding/,Raised a $475M Seed round for a AI platform. This signals active growth and potential need for content and marketing.,80,2026-06-13,High
AI cloud startup Nava,,AI,Series A,funding,AI cloud startup Nava raises $22m in Series A funding round,,$22M,2026-04-08,,,datacenterdynamics.com,https://www.datacenterdynamics.com/en/news/ai-cloud-startup-nava-raises-22m-in-series-a-funding-round/,Raised a $22M Series A round for a AI platform. This signals active growth and potential need for content and marketing.,80,2026-06-13,High
DOJO AI,,AI,Seed,funding,DOJO AI Raises $6M Seed Round to Expand Agentic Marketing Platform,,$6M,2026-04-22,,,cmswire.com,https://www.cmswire.com/digital-marketing/dojo-ai-raises-6m-seed-round-to-expand-agentic-marketing-platform/,Raised a $6M Seed round for a AI platform. This signals active growth and potential need for content and marketing.,80,2026-06-13,High
How to,,AI,Seed,funding,How to raise seed funding for your startup,,,2026-05-13,,,msn.com,https://www.msn.com/en-us/money/smallbusiness/how-to-raise-seed-funding-for-your-startup/ar-AA237qSj,Announced a Seed round for a AI platform. This signals active growth and potential need for content and marketing.,80,2026-06-13,High
GridCARE,,AI,Series A,funding,GridCARE raises $64m in Series A funding round,,$64M,2026-05-15,,,datacenterdynamics.com,https://www.datacenterdynamics.com/en/news/gridcare-raises-64m-in-series-a-funding-round/,Raised a $64M Series A round for a AI platform. This signals active growth and potential need for content and marketing.,80,2026-06-13,High
Exclusive: Geordie AI,,AI,Series A,funding,Exclusive: Geordie AI raises $30 million Series A to be 'air traffic control' for your company's AI agents,,$30M,2026-05-28,,,msn.com,https://www.msn.com/en-us/news/technology/exclusive-geordie-ai-raises-30-million-series-a-to-be-air-traffic-control-for-your-companys-ai-agents/ar-AA24fUZs,Raised a $30M Series A round for a AI platform. This signals active growth and potential need for content and marketing.,80,2026-06-13,High
Vinyl Equity,,Cloud,Series A,funding,Vinyl Equity Raises $20M to Modernise Capital Markets Infrastructure,,$20M,2026-06-09,,,ventureburn.com,https://ventureburn.com/vinyl-equity-raises-20-million/,Raised a $20M Series A round for a Cloud platform. This signals active growth and potential need for content and marketing.,80,2026-06-13,High
Golden Analytics,,AI,Seed,funding,Golden Analytics Raises $14M Seed Extension as AI Analytics Demand Surges,,$14M,2026-06-09,,,ventureburn.com,https://ventureburn.com/golden-analytics-14m-seed-extension/,Raised a $14M Seed round for a AI platform. This signals active growth and potential need for content and marketing.,80,2026-06-13,High
Icertis veterans' enterprise AI startup Rivvun,,AI,Seed,funding,"Icertis veterans' enterprise AI startup Rivvun raises $7.55 million seed round led by Sitara Capital, 3one4",,$7.55M,2026-06-10,,,moneycontrol.com,https://www.moneycontrol.com/news/business/startup/icertis-veterans-enterprise-ai-startup-rivvun-raises-7-55-million-seed-round-led-by-sitara-capital-3one4-13946355.html,Raised a $7.55M Seed round for a AI platform. This signals active growth and potential need for content and marketing.,80,2026-06-13,High
Wealth advisory startup HyperNorm AI,,AI,Seed,funding,Wealth advisory startup HyperNorm AI raises $2.2 Mn in seed funding,,$2.2M,2026-06-10,,,entrackr.com,https://entrackr.com/snippets/wealth-advisory-startup-hypernorm-ai-raises-22-mn-in-seed-funding-12020942,Raised a $2.2M Seed round for a AI platform. This signals active growth and potential need for content and marketing.,80,2026-06-13,High
TensorWave,,AI,Series A,funding,"TensorWave raises $100M Series A led by AMD Ventures, eyes multi-gigawatt AI infrastructure buildout",,$100M,2026-06-10,,,cryptobriefing.com,https://cryptobriefing.com/tensorwave-raises-100m-amd-ai-infrastructure/,Raised a $100M Series A round for a AI platform. This signals active growth and potential need for content and marketing.,80,2026-06-13,High
Former Icertis executives' startup Rivvun AI,,AI,Seed,funding,Former Icertis executives' startup Rivvun AI raises $7.55 Mn in seed funding,,$7.55M,2026-06-11,,,entrackr.com,https://entrackr.com/snippets/former-icertis-executives-startup-rivvun-ai-raises-755-mn-in-seed-funding-12026947,Raised a $7.55M Seed round for a AI platform. This signals active growth and potential need for content and marketing.,80,2026-06-13,High
Chptr,,AI,Series A,funding,"Chptr Raises $5.5M Series A to Build the Infrastructure for Timely, Hyperlocal Media Distribution Across TV, Radio, and Digital",,$5.5M,2026-06-11,,,finance.yahoo.com,https://finance.yahoo.com/sectors/technology/articles/chptr-raises-5-5m-series-151300036.html,Raised a $5.5M Series A round for a AI platform. This signals active growth and potential need for content and marketing.,80,2026-06-13,High
Sports-tech startup Dartle,,AI,Seed,funding,Sports-tech startup Dartle raises $100K in seed funding led by IPV,,$1M,2026-06-11,,,entrackr.com,https://entrackr.com/snippets/sports-tech-startup-dartle-raises-100k-in-seed-funding-led-by-ipv-12026482,Raised a $1M Seed round for a AI platform. This signals active growth and potential need for content and marketing.,80,2026-06-13,High
Deeptech robotics startup Armatrix in talks to,,AI,Pre-Seed,funding,Deeptech robotics startup Armatrix in talks to raise $15 million from Crane Venture Partners,,$15M,2026-06-01,IST Armatrix,founder,moneycontrol.com,https://www.moneycontrol.com/news/business/funding/deeptech-robotics-startup-armatrix-in-talks-to-raise-15-million-from-crane-venture-partners-13938040.html,Raised a $15M Pre-Seed round for a AI platform. This signals active growth and potential need for content and marketing.,70,2026-06-13,Low
Rotomate,,AI,Pre-Seed,funding,Rotomate raises €2.1M pre-seed to put a reliability engineer inside every factory,,,2026-06-10,said Mikko Kuusisto,co-founder,thenextweb.com,https://thenextweb.com/news/rotomate-pre-seed-funding-industrial-ai,Announced a Pre-Seed round for a AI platform. This signals active growth and potential need for content and marketing.,70,2026-06-13,Low
Artus AI,,AI,Pre-Seed,funding,Artus AI Raises Pre-Seed Funding to Scale AI Product Management Platform,,,2026-06-11,said Yash Vahi,Co-Founder,ciol.com,https://www.ciol.com/funding-acquistion-merger/artus-ai-raises-pre-seed-funding-to-scale-ai-product-management-platform-12029338,Announced a Pre-Seed round for a AI platform. This signals active growth and potential need for content and marketing.,70,2026-06-13,Low
Pylon,,,Seed,hiring,Hiring: Content Marketer | Location: San Francisco / Remote (US) | YC W23,Content Marketer,,,,,YC Work at a Startup,https://www.workatastartup.com/jobs/77886,Hiring a Content Marketer. This suggests investment in content and market education.,60,2026-06-13,Low
adyn,,,Series A,hiring,Hiring: Content Marketer | Location: Remote (US) | YC S20,Content Marketer,,,,,YC Work at a Startup,https://www.workatastartup.com/jobs/42208,Hiring a Content Marketer. This suggests investment in content and market education.,60,2026-06-13,Low
Mintlify,,,Series A,hiring,Hiring: Product Marketing Manager | Location: San Francisco | YC W22,Marketing Manager,,,,,YC Work at a Startup,https://www.workatastartup.com/jobs/94849 | https://www.workatastartup.com/jobs/94845,Hiring a Marketing Manager. This suggests investment in content and market education.,60,2026-06-13,Low
Jiga,,,Series A,hiring,Hiring: Content Lead - Remote (US) | Location: US / Remote (US) | YC W21,Content Lead,,,,,YC Work at a Startup,https://www.workatastartup.com/jobs/88547,Hiring a Content Lead. This suggests investment in content and market education.,60,2026-06-13,Low
Willow,,,Seed,hiring,"Hiring: Founding Growth & Content Lead | Location: San Francisco, CA, US | YC P25",Content Lead,,,,,YC Work at a Startup,https://www.workatastartup.com/jobs/89466,Hiring a Content Lead. This suggests investment in content and market education.,60,2026-06-13,Low
Reframe (Glucobit),,,Series A,hiring,"Hiring: Marketing Manager  | Location: GA, US | YC S21",Marketing Manager,,,,,YC Work at a Startup,https://www.workatastartup.com/jobs/46460,Hiring a Marketing Manager. This suggests investment in content and market education.,60,2026-06-13,Low
Bree,,,Series A,hiring,"Hiring: Creative Strategist | Location: Toronto, ON, CA / Toronto, Ontario, CA / Remote (Toronto, ON, CA; Toronto, Ontario, CA) | YC S21",Creative Strategist,,,,,YC Work at a Startup,https://www.workatastartup.com/jobs/85886,Hiring a Creative Strategist. This suggests investment in content and market education.,60,2026-06-13,Low
Solo,,,Series A,hiring,Hiring: Growth Marketing Manager | Location: US / Remote (US) | YC W21,Marketing Manager,,,,,YC Work at a Startup,https://www.workatastartup.com/jobs/64685 | https://www.workatastartup.com/jobs/74338,Hiring a Marketing Manager. This suggests investment in content and market education.,60,2026-06-13,Low
Blaxel,,,Seed,hiring,"Hiring: Head of Marketing | Location: San Francisco, CA, US | YC P25",Head Of Marketing,,,,,YC Work at a Startup,https://www.workatastartup.com/jobs/86027,Hiring a Head Of Marketing. This suggests investment in content and market education.,60,2026-06-13,Low
GoSats,,,Series A,hiring,"Hiring: CRM & Lifecycle Marketing Manager | Location: Bengaluru, KA, IN / Bengaluru, Karnataka, IN | YC W22",Marketing Manager,,,,,YC Work at a Startup,https://www.workatastartup.com/jobs/93245 | https://www.workatastartup.com/jobs/82296,Hiring a Marketing Manager. This suggests investment in content and market education.,60,2026-06-13,Low
Hyperbound,,,Seed,hiring,Hiring: Product Marketing Manager | Location: San Francisco | YC S23,Marketing Manager,,,,,YC Work at a Startup,https://www.workatastartup.com/jobs/95763,Hiring a Marketing Manager. This suggests investment in content and market education.,60,2026-06-13,Low
Archbee,,,Series A,hiring,"Hiring: Head of Marketing | Location: TX, US / Remote (TX, US) | YC S21",Head Of Marketing,,,,,YC Work at a Startup,https://www.workatastartup.com/jobs/89348,Hiring a Head Of Marketing. This suggests investment in content and market education.,60,2026-06-13,Low
Arketa,,,Series A,hiring,"Hiring: Director, Brand Marketing | Location: New York City | YC S20",Brand Marketing,,,,,YC Work at a Startup,https://www.workatastartup.com/jobs/86128,Hiring a Brand Marketing. This suggests investment in content and market education.,60,2026-06-13,Low
Coinrule,,,Series A,hiring,"Hiring: Digital Marketing Manager | Location: London, England, GB / Remote | YC S21",Marketing Manager,,,,,YC Work at a Startup,https://www.workatastartup.com/jobs/60727,Hiring a Marketing Manager. This suggests investment in content and market education.,60,2026-06-13,Low
SaaS Capital,,AI,,funding,SaaS Capital Raises $100 Million Fifth Fund to Support B2B SaaS and Subscription AI Application Companies,,$100M,2025-10-15,align with,founder,finance.yahoo.com,https://finance.yahoo.com/news/saas-capital-raises-100-million-111000769.html,Raised $100M in funding for a AI platform. This signals active growth and potential need for content and marketing.,60,2026-06-13,Low
Cyera,,AI,,funding,Cyera raises $600M at $12B valuation amid flurry of cybersecurity investments,,$600M,2026-06-11,Chief Executive Officer George Kurtz and the,founder,siliconangle.com,https://siliconangle.com/2026/06/10/cyera-raises-600m-12b-valuation-amid-flurry-cybersecurity-investments/,Raised $600M in funding for a AI platform. This signals active growth and potential need for content and marketing.,60,2026-06-13,Low
,,Data,,hiring,Hiring: Creative Strategist,Creative Strategist,,,,,betakit.com,https://betakit.com/motion-closes-30-million-usd-series-b-in-bid-to-become-command-centre-for-creative-strategists/,Hiring a Creative Strategist at a Data company. This suggests investment in content and market education.,50,2026-06-13,Low
Flare,,Cybersecurity,Series B,funding,Flare raises another $30 million USD to fuel global cybersecurity expansion and acquisition plans,,$30M,2025-11-04,Norman Menz told BetaKit,,betakit.com,https://betakit.com/flare-raises-another-30-million-usd-to-fuel-global-cybersecurity-expansion-and-acquisition-plans/,Raised a $30M Series B round for a Cybersecurity platform. This signals active growth and potential need for content and marketing.,50,2026-06-13,Low
Inherent,,AI,,funding,Inherent Raises $50M to Build AI-Native Science Platform,,$50M,2026-06-01,,,ventureburn.com,https://ventureburn.com/inherent-raises-50m-to-build-ai-native-science-platform/,Raised $50M in funding for a AI platform. This signals active growth and potential need for content and marketing.,50,2026-06-13,Low
Egyptian POS financing fintech Blnk,,Fintech,,funding,Egyptian POS financing fintech Blnk raises $37 million,,$37M,2026-06-08,,,finextra.com,https://www.finextra.com/newsarticle/47876/egyptian-pos-financing-fintech-blnk-raises-37-million,Raised $37M in funding for a Fintech platform. This signals active growth and potential need for content and marketing.,50,2026-06-13,Low
Minerva,,API,,funding,Minerva Raises $20M to Transform Marketing Technology,,$20M,2026-06-10,,,ventureburn.com,https://ventureburn.com/minerva-raises-20m-to-transform-marketing-technology/,Raised $20M in funding for a API platform. This signals active growth and potential need for content and marketing.,50,2026-06-13,Low
Israeli startup Aryon Security,,Cybersecurity,,funding,Israeli startup Aryon Security raises $25M,,$25M,2026-06-11,,,msn.com,https://www.msn.com/en-us/money/news/israeli-startup-aryon-security-raises-25m/ar-AA25msIg,Raised $25M in funding for a Cybersecurity platform. This signals active growth and potential need for content and marketing.,50,2026-06-13,Low
Equal AI,,AI,Series B,funding,Equal AI raises $30M to screen calls so Indians don’t have to,,$30M,2026-06-12,Skyflow AI,co-founder,TechCrunch,https://techcrunch.com/2026/06/11/equal-ai-raises-30m-to-screen-calls-so-indians-dont-have-to/,Raised a $30M Series B round for a AI platform. This signals active growth and potential need for content and marketing.,50,2026-06-13,Low
Kalshi,,Cybersecurity,Series B+,hiring,Hiring: Social Media Manager | Location: New York or Remote / Remote (US) | YC W19,Social Media Manager,,,,,YC Work at a Startup,https://www.workatastartup.com/jobs/62300,Hiring a Social Media Manager at a Series B+ Cybersecurity company. This suggests investment in content and market education.,40,2026-06-13,Low
MDalgorithms Inc.,,AI,Series B+,hiring,Hiring: Growth Marketer for a Rapidly Growing Consumer AI Healthcare Startup 🚀 | Location: GB / US / Remote (GB; US) | YC W17,Growth Marketer,,,,,YC Work at a Startup,https://www.workatastartup.com/jobs/93109,Hiring a Growth Marketer at a Series B+ AI company. This suggests investment in content and market education.,40,2026-06-13,Low
Speak,,AI,Series B+,hiring,"Hiring: Japan Growth Marketing Manager | Location: Tokyo, JP | YC W17",Marketing Manager,,,,,YC Work at a Startup,https://www.workatastartup.com/jobs/64674,Hiring a Marketing Manager at a Series B+ AI company. This suggests investment in content and market education.,40,2026-06-13,Low
Klarity,,AI,Series B+,hiring,Hiring: Product Marketing Manager | Location: San Francisco (Klarity HQ) | YC S18,Marketing Manager,,,,,YC Work at a Startup,https://www.workatastartup.com/jobs/93049,Hiring a Marketing Manager at a Series B+ AI company. This suggests investment in content and market education.,40,2026-06-13,Low
YC S22,,,,hiring,Hiring: Growth Marketer,Growth Marketer,,,,,Hacker News Jobs,https://www.ycombinator.com/companies/emerge-career/jobs/v0S1AEG-founding-growth-marketer,Hiring a Growth Marketer. This suggests investment in content and market education.,30,2026-06-13,Low
D2B,,,,hiring,Hiring: Marketing Manager,Marketing Manager,,,,,Remote OK,https://remoteOK.com/remote-jobs/remote-digital-marketing-manager-dayshift-d2b-1133278,Hiring a Marketing Manager. This suggests investment in content and market education.,30,2026-06-13,Low
Joy,,,Series B+,hiring,Hiring: Digital Marketing Manager | Location: Remote | YC S16,Marketing Manager,,,,,YC Work at a Startup,https://www.workatastartup.com/jobs/57261,Hiring a Marketing Manager. This suggests investment in content and market education.,20,2026-06-13,Low
Instrumentl,,,Series B+,hiring,Hiring: Senior Content Marketing Manager | Location: Remote (US) | YC S16,Marketing Manager,,,,,YC Work at a Startup,https://www.workatastartup.com/jobs/96183 | https://www.workatastartup.com/jobs/96175,Hiring a Marketing Manager. This suggests investment in content and market education.,20,2026-06-13,Low
Bunkerhill Health,,,Series B+,hiring,"Hiring: Content Lead | Location: San Francisco, CA, US | YC W19",Content Lead,,,,,YC Work at a Startup,https://www.workatastartup.com/jobs/92967,Hiring a Content Lead. This suggests investment in content and market education.,20,2026-06-13,Low
Meridian Industries,,,Series B+,hiring,"Hiring: Videographer at Index (San Francisco) | Location: San Francisco, CA, US | YC S19",Videographer,,,,,YC Work at a Startup,https://www.workatastartup.com/jobs/78609,Hiring a Videographer. This suggests investment in content and market education.,20,2026-06-13,Low
OneSignal,,,Series B+,hiring,Hiring: Product Marketing Manager | Location: United States - Remote / Remote (US) | YC S11,Marketing Manager,,,,,YC Work at a Startup,https://www.workatastartup.com/jobs/92756,Hiring a Marketing Manager. This suggests investment in content and market education.,20,2026-06-13,Low
RADAR,,,Series B+,hiring,"Hiring: Senior Product Marketing Manager | Location: New York, New York | YC W13",Marketing Manager,,,,,YC Work at a Startup,https://www.workatastartup.com/jobs/94737,Hiring a Marketing Manager. This suggests investment in content and market education.,20,2026-06-13,Low
AptDeco,,,Series B+,hiring,Hiring: Marketing Manager | Location: United States - Remote / Remote (US) | YC W14,Marketing Manager,,,,,YC Work at a Startup,https://www.workatastartup.com/jobs/86422,Hiring a Marketing Manager. This suggests investment in content and market education.,20,2026-06-13,Low
